
{
    "background_color":{
        "red":0.7019608020782471,
        "green":0.10196078568696976,
        "blue":0.10196078568696976,
        "alpha":1.0
    },
    "lines":[
        {
            "name":"someline",
            "circular":false,
            "fill_color":{
                "red":0.3019607961177826,
                "green":0.20000000298023224,
                "blue":0.6000000238418579,
                "alpha":1.0
            },
            "station_names":[
                {
                    "station_names":"s1"
                }
            ]
        }
    ],
    "stations":[
        {
            "name":"s1",
            "x":651.0,
            "y":358.0
        }
    ]
}